Tidpunkt,Fråga,Svar,Feedback
2025-06-03 12:03:54,vem skrev Psaltaren?,Psaltaren är en bok i Bibeln som tillskrivs kung David. David var en av de stora kungarna i Israels historia och även en psalmförfattare.,Ja
2025-06-03 12:04:37,hur många böcker finns det i nya testamentet,"Jag ber om ursäkt, men jag hittar ingen relevant information i de givna bibelavsnitten angående antalet böcker i Nya Testamentet. Kan du vara snäll och skriva om din fråga så att jag kan hjälpa dig bättre? Tack så mycket.",Nej
2025-06-03 12:05:06,vad är skillnaden mellan evangelierna,"Tack för din fråga. I de fyra evangelierna (Matteus, Markus, Lukas och Johannes) berättas om Jesu liv, undervisning, död och uppståndelse, men varje evangelium har olika fokus och betoningar. Matteus betonar Jesus som Messias och kung, Markus fokuserar på Jesu handlingar och tjänst, Lukas visar Jesus som Frälsaren för alla människor och Johannes betonar Jesu gudomliga natur och relation till Gud Fadern. Om du har en specifik fråga om ett visst evangelium eller en specifik skillnad, var god och skriv om din fråga så att jag kan ge dig ett mer detaljerat svar.",Ja
2025-06-03 12:05:53,vad innebär nåd enligt bibeln?,"Nåd enligt bibeln innebär att bli rättfärdigad fritt av Guds nåd genom förlossningen som är i Kristus Jesus. Det betyder att vi är förlåtna och rättfärdigade inför Gud inte på grund av våra egna gärningar, utan genom tron på Jesus Kristus och hans offer för våra synder. Det är en gåva från Gud som vi inte förtjänar.",Ja
2025-06-03 12:06:29,vad är synd enligt Bibeln?,"Enligt Bibeln är synd att bryta mot Guds lagar och göra det som är emot Guds vilja. Det kan inkludera handlingar som mord, stöld, lögn, bedrägeri, och att behandla ens medmänniskor orättvist. Enligt Jesus är även att vara arg mot sin bror utan anledning en synd. Det är viktigt att sträva efter rättfärdighet och undvika synd för att kunna komma in i Guds rike. Om du har en annan specifik fråga om synd, var god skriv om den så att jag kan ge ett mer detaljerat svar.",Ja
2025-06-03 12:06:51,Vad säger bibeln om förståelse?,"Enligt bibeln, i Ordspråksboken 2:6-7, sägs det att om man tar emot Guds ord, lagrar hans bud inom sig, lyssnar till visdom, söker förståelse och söker den som om det vore dolda skatter, då kommer man att förstå fruktan för Herren och finna kunskap om Gud. Det sägs också att Herren ger visdom och kunskap och förståelse kommer från honom.",Ja
2025-06-03 12:07:26,vad säger bibeln om relationer och äktenskap?,"Enligt bibeln är äktenskapet en helig förbund mellan en man och en kvinna, där de två blir ett kött. Gud har skapat människan som man och kvinna från början, och det som Gud har förenat ska ingen människa skilja åt. Jesus lärde att den som skiljer sig från sin fru och gifter om sig begår äktenskapsbrott. Även om Mose tillät skilsmässa på grund av människornas hårda hjärtan, så är Guds intention att äktenskapet ska vara en livslång förbund. Det betonas att män ska älska sina fruar och kvinnor ska respektera sina män. Det är en stor hemlighet, men det handlar om Kristus och församlingen.",Ja
2025-06-03 12:07:43,hur bör jag be enligt Jesus?,"Enligt Jesus bör du be med ödmjukhet och uppriktighet. I Matteus 6:5-13 ger Jesus en modell för hur man ska be, vilket inkluderar att be i hemlighet, att inte upprepa tomma ord och att be för Guds vilja att ske. Det är också viktigt att be med tro och tillit på Gud. Om du har ytterligare frågor eller behöver mer specifik vägledning, var god skriv om din fråga så att jag kan ge dig mer detaljerad information.",Ja
2025-06-03 12:08:16,"vad betyder ""att frukta Gud""?","Att frukta Gud innebär att ha en respektfull och fruktansvärd respekt för Gud, att lyda Hans bud och leva enligt Hans vilja. Det handlar om att erkänna Guds makt och suveränitet över ens liv och att leva i enlighet med Hans ord och läror. I Bibeln betonas vikten av att frukta Gud som en grundläggande princip för att leva ett rättfärdigt och gudfruktigt liv. (Se till exempel Ordspråksboken 1:7 och Psaltaren 111:10) Om du behöver mer specifik information, var god skriv om din fråga.",Ja
2025-06-03 12:12:27,hur såg livet ut på Jesus tid?,"Tack för din fråga. För att kunna ge en mer detaljerad och relevant svar, skulle du kunna vara snäll och skriva om frågan med mer specifik information om vad du är intresserad av att veta om hur livet såg ut på Jesus tid? Tack så mycket.",Nej
2025-06-03 12:12:59,Vem var job?,"Job var en man som levde i landet Uz. Han var oskyldig och upprätt, fruktade Gud och avstod från det onda. Han hade sju söner och tre döttrar, samt en stor mängd boskap och tjänare. Job var ansedd som den störste av alla österns barn.",Ja
2025-06-03 12:13:31,Varför tillåt Gud att Job skulle lida?,"Gud tillät Job att lida för att visa Satans att Job skulle behålla sin tro och integritet även i svåra prövningar. Det var en del av en större plan där Job skulle bli en förebild för att visa att även i lidande kan man behålla sin tro och rättfärdighet. Om du har en annan fråga eller behöver mer information, var god skriv om din fråga.",Ja
2025-06-03 12:14:25,Hur slutar Jobs bok?,"Jobs bok avslutas med att Job lever i hundra fyrtio år, ser sina söner och sina söners söner till fyra generationer. Sedan dör Job, gammal och mätt av dagar. Han talar om hur han skulle bära sin rättfärdighet som en krona och gå framför Gud som en prins. Han talar om att om hans land ropar emot honom och dess åkrar gråter tillsammans, då ska törnen växa istället för vete och stankörtel istället för korn. Sedan kommer en annan person och berättar för Job att hans söner och döttrar har dött i en tragisk olycka. Job sörjer och tillber Gud. Därefter står det att Jobs ord är slut.",Ja
2025-06-03 12:15:36,Hur kan jag finna hopp?,"Du kan finna hopp genom att lita på Gud och fortsätta att prisa honom, även när du känner dig nedstämd eller orolig. Som det står i Psaltaren 42:5, ""Varför är du nedstämd, min själ, varför oroar du dig inom mig? Hoppa till Gud! Ty jag skall ännu lova honom, min frälsning och min Gud."" Längta efter Gud och sträva mot det höga målet i Kristus Jesus, som det står i Filipperbrevet 3:13-14. Om du behöver mer vägledning, var inte rädd att be Gud om att visa dig vägen.",Ja
2025-06-03 12:17:38,Vem var Abraham?,"Abraham var en viktig biblisk figur som Gud uppenbarade sig för och bad att lämna sitt land och sina släktingar för att komma till ett land som Gud skulle visa honom. Han bodde först i Mesopotamien och sedan i Haran innan han flyttade till det land där han bodde när detta avsnitt skrevs. Abraham fick marken och grottan i den som en gåva från barnen av Heth för att användas som en begravningsplats. När Abrahams släkting blev tillfångatagen, samlade han sina tränade män och räddade honom. Abraham var också känd som Abram, den hebreiska.",Ja
2025-06-03 12:20:00,Var kan jag hitta historie om David och Goliat?,"Historien om David och Goliat finns i Första Samuelsboken, kapitel 17. Jag rekommenderar att du läser hela kapitlet för att få en fullständig bild av händelsen. Om du har några fler frågor är du välkommen att fråga.",Ja
